 ,last_name,first_name,address,city,state,phone,email,credit card details
1,Trim,Reilly,Suite 69,Jinshan,,180-547-3347,rtrim0@pagesperso-orange.fr,jcb
2,Mawman,Gusti,Room 1770,Cihaur,,187-915-0249,gmawman1@wunderground.com,jcb
3,McGinn,Virgie,Apt 1579,Sexmoan,,524-863-2150,vmcginn2@whitehouse.gov,americanexpress
4,Seleway,Daisi,8th Floor,Rautjärvi,,476-374-9934,dseleway3@deliciousdays.com,americanexpress
5,Bannister,Kessia,Suite 63,Dhidhdhoo,,305-296-0155,kbannister4@utexas.edu,jcb
6,Rannald,Tanya,Suite 35,Ciparasi,,660-961-7758,trannald5@nature.com,laser
7,Burkert,Lynn,Room 1015,Batibati,,800-536-7635,lburkert6@deliciousdays.com,jcb
8,Middell,Othello,Apt 622,Guoyuan,,777-941-6649,omiddell7@studiopress.com,maestro
9,Siley,Lindsay,Apt 500,Coripata,,825-317-7865,lsiley8@e-recht24.de,jcb
10,Liversage,Ilaire,Suite 14,Yangji,,809-500-0776,iliversage9@bbc.co.uk,jcb
11,Faughny,Lefty,PO Box 77327,Brněnec,,944-610-3067,lfaughnya@drupal.org,jcb
12,Peniello,Allard,PO Box 26444,Zougang,,890-855-7832,apeniellob@nasa.gov,jcb
13,Leatherland,Jessica,Suite 17,Takahashi,,286-207-1714,jleatherlandc@elpais.com,mastercard
14,Hopkynson,Lucas,PO Box 12778,Yarumal,,127-294-5830,lhopkynsond@go.com,jcb
15,Gornal,Isis,Room 1764,Bebekan,,306-330-2597,igornale@prweb.com,diners-club-carte-blanche
16,MacAlees,Crystal,PO Box 93896,Mar’’ina Horka,,398-313-5767,cmacaleesf@skyrock.com,china-unionpay
17,Nattrass,Karon,PO Box 32348,Nanyang,,674-879-5899,knattrassg@instagram.com,jcb
18,Hastilow,Linoel,Suite 38,Cartagena,,224-175-9579,lhastilowh@bravesites.com,laser
19,Tattersfield,Bendick,PO Box 28117,Bačka Palanka,,749-477-5550,btattersfieldi@economist.com,jcb
20,Ladley,Dorice,Suite 70,Mikulčice,,773-182-8851,dladleyj@bloglines.com,jcb
21,O'Doran,Ynez,Apt 41,Lunel,Languedoc-Roussillon,881-629-2429,yodorank@toplist.cz,maestro
22,Parslow,Belita,12th Floor,Markovo,,476-873-5346,bparslowl@salon.com,laser
23,Patley,Rolando,Apt 913,Seraya,,280-694-9269,rpatleym@google.cn,jcb
24,Reams,Cindi,19th Floor,Az Zawr,,556-884-8568,creamsn@sohu.com,diners-club-enroute
25,Shepcutt,Anatole,Suite 36,Qingshi,,162-734-1969,ashepcutto@youtube.com,mastercard
26,Hurch,Rosalyn,PO Box 34468,Vol’sk,,211-402-3635,rhurchp@vk.com,mastercard
27,Nares,Clementine,Suite 90,El Estor,,963-843-2938,cnaresq@ovh.net,jcb
28,Le Noury,Constantino,Suite 99,Karanganyar,,273-129-9586,clenouryr@alibaba.com,jcb
29,Curwen,Dawna,18th Floor,Canturay,,947-454-5917,dcurwens@goo.gl,jcb
30,Helsdon,Vinita,Apt 1792,Ḑawrān ad Daydah,,508-650-3441,vhelsdont@desdev.cn,jcb
31,Deas,Courtnay,Apt 422,Villejuif,Île-de-France,504-675-0933,cdeasu@twitpic.com,americanexpress
32,Santon,Jessey,Room 5,San Miguel,,922-672-5171,jsantonv@google.com.br,jcb
33,Porcher,Maxy,Suite 56,Bang Kruai,,154-392-0202,mporcherw@netlog.com,switch
34,Landeaux,Uriel,Suite 79,København,Region Hovedstaden,888-861-4012,ulandeauxx@angelfire.com,mastercard
35,Lovering,Worth,PO Box 42630,Kalenderovci Donji,,188-139-2076,wloveringy@eventbrite.com,mastercard
36,Waples,Nonie,PO Box 78355,Lansing,Michigan,517-770-4562,nwaplesz@360.cn,visa-electron
37,Orth,Angy,Apt 57,Wangping,,809-454-9071,aorth10@nasa.gov,visa-electron
38,Innocenti,Karilynn,Apt 1703,Água Retorta,Ilha de São Miguel,901-946-7215,kinnocenti11@liveinternet.ru,switch
39,Humpherston,Avrom,Room 1784,Cholet,Pays de la Loire,153-109-7913,ahumpherston12@360.cn,diners-club-enroute
40,Plaid,Estrellita,10th Floor,Garisul,,571-197-3662,eplaid13@ted.com,jcb
41,Shillitoe,Bernadine,PO Box 95158,Narva,,431-654-2739,bshillitoe14@ucsd.edu,laser
42,Gwyneth,Arin,Apt 1269,Miami,Florida,305-724-5255,agwyneth15@cnet.com,jcb
43,Hambridge,Kati,Suite 49,Prinza,,901-801-4201,khambridge16@parallels.com,mastercard
44,Hammarberg,Rutter,PO Box 75665,Pipa,,936-559-2376,rhammarberg17@java.com,jcb
45,Mewrcik,Merissa,20th Floor,Coronda,,321-538-9858,mmewrcik18@home.pl,maestro
46,McNeill,Fleurette,19th Floor,Singgugu,,853-969-4815,fmcneill19@pbs.org,jcb
47,Cosker,Rianon,Apt 794,Bodø,Nordland,728-128-9969,rcosker1a@technorati.com,jcb
48,Hunnicutt,Janella,Room 644,Bilhorod-Dnistrovs’kyy,,959-513-2217,jhunnicutt1b@soundcloud.com,mastercard
49,Lipscomb,Gaston,Suite 54,Caucaguita,,701-786-8810,glipscomb1c@accuweather.com,china-unionpay
50,Benfield,Jarvis,PO Box 92680,Gizo,,713-919-1965,jbenfield1d@addtoany.com,mastercard